asset_1,asset_2,asset_3,asset_4,asset_5,asset_6,asset_7,asset_8,asset_9,asset_10
1.6243453636632417,0.6117564136500754,0.5281717522634557,1.0729686221561705,0.8654076293246785,2.3015386968802827,1.74481176421648,0.7612069008951028,0.31903909605709857,0.2493703754774101
